Row,dips,pVals
samediff,0.000729927992360536,0.9991
task1v2,0.00558774837842844,0.0210
task2v3,0.00504494063318882,0.0580
task3v4,0.0283921868288188,<0.0001
task4v5,0.0067320135790266,0.0015
task5v6,0.00337484076776199,0.5798
task8v9,0.0103841108753549,<0.0001
task9v10,0.00237696288939823,0.9766
task10v11,0.00190888170690479,0.9999
